Original_Index,SA2,Price,Z-Score,SA2_Mean,SA2_Std,Deviation_From_Mean,Address,Suburb,Bedrooms,Bathrooms,Floor_Area,Land_Area
19143,Beechboro,2125000,12.085790405259361,458435.7044025157,137894.5223865745,1666564.2955974843,35 Cheltenham Street,Bennett Springs,3,2,180,27323
26020,Forrestfield - Wattle Grove,2041720,10.91497413424844,473601.65497630334,143666.70280081895,1568118.3450236968,57 Coldwell Road,Kenwick,3,1,121,12810
6196,Mindarie - Quinns Rocks - Jindalee,2400000,10.118082557211167,469936.92954363493,190753.83695903997,1930063.0704563651,15 Clarecastle Retreat,Mindarie,5,4,387,1178
9466,Forrestfield - Wattle Grove,1800000,9.23246875695776,473601.65497630334,143666.70280081895,1326398.3450236968,19 Crystal Place,Wattle Grove,5,2,575,11744
5674,Wanneroo - Sinagra,1650000,9.220812595261464,518958.41985723557,122661.81190191435,1131041.5801427644,14 Stafford Way,Wanneroo,4,2,216,11280
26811,Rockingham Lakes,1350000,8.526322342114534,326341.1417721519,120058.66270990406,1023658.8582278481,6 Florence Street,Rockingham,5,3,333,375
20204,Kalamunda - Maida Vale - Gooseberry Hill,2150000,8.0760872201413,479757.75092421443,206813.29999882824,1670242.2490757855,39 Abraham Close,Baskerville,4,4,370,40033
30701,Wanneroo - Sinagra,1495000,7.957175627922806,518958.41985723557,122661.81190191435,976041.5801427644,8 Calophylla Court,Wanneroo,4,2,375,4000
13826,Murdoch - Kardinya,2200000,7.844421685906594,589506.6455399061,205304.28104770687,1610493.354460094,24/21 Ocean Drive,North Coogee,4,3,375,18248
10445,Mindarie - Quinns Rocks - Jindalee,1930000,7.654174058736655,469936.92954363493,190753.83695903997,1460063.0704563651,2 Kings Lynn Rise,Mindarie,4,2,349,700
22189,Maddington - Orange Grove - Martin,2200000,7.579867961846564,462390.1898527005,229240.1159088255,1737609.8101472994,42 Hayward Road,Martin,6,3,482,10003
15267,Piara Waters - Forrestdale,2172500,7.3612774515759165,469187.012718601,231388.23369804525,1703312.987281399,272 Streich Avenue,Armadale,3,1,120,693
29465,Kalamunda - Maida Vale - Gooseberry Hill,2000000,7.350795374786819,479757.75092421443,206813.29999882824,1520242.2490757855,7 Spring Avenue,Midland,3,2,196,4047
19691,Murdoch - Kardinya,2054000,7.133282106863555,589506.6455399061,205304.28104770687,1464493.354460094,37 Arabella Loop,North Coogee,5,4,556,741
23627,Wanneroo - Sinagra,1375000,6.97887604030578,518958.41985723557,122661.81190191435,856041.5801427644,49 Distinction Road,Wangara,2,1,830,1320
6803,Piara Waters - Forrestdale,2050000,6.831864187806165,469187.012718601,231388.23369804525,1580812.987281399,153 Allen Road,Forrestdale,4,3,433,41253
12409,Wanneroo - Sinagra,1350000,6.775063626218899,518958.41985723557,122661.81190191435,831041.5801427644,22 James Spiers Drive,Wanneroo,4,2,343,2019
29299,Lockridge - Kiara,1400000,6.670371164794272,448533.7236641221,142640.6796307898,951466.2763358778,7 North Road,Bassendean,4,2,327,2177
13346,Perth Airport,2420000,6.494567335506035,576291.5412262157,283884.7244979913,1843708.4587737843,239 Midland Road,Hazelmere,3,2,230,56878
32038,Casuarina - Wandi,1600000,6.442301514183362,377879.49912587414,189702.4686260814,1222120.5008741259,879 Thomas Road,Anketell,4,2,305,40945
7530,Belmont - Ascot - Redcliffe,2090000,6.399158806731602,591958.7529069767,234099.71409322694,1498041.2470930233,16 The Riverwalk,Ascot,4,3,355,509
17609,Maddington - Orange Grove - Martin,1900000,6.271196489531843,462390.1898527005,229240.1159088255,1437609.8101472994,30 White Road,Orange Grove,3,2,400,38640
19608,Maddington - Orange Grove - Martin,1900000,6.271196489531843,462390.1898527005,229240.1159088255,1437609.8101472994,36 Warfield Place,Martin,5,3,328,30567
17824,Lockridge - Kiara,1325000,6.144574455229163,448533.7236641221,142640.6796307898,876466.2763358778,31 HARDY ROAD,Ashfield,4,4,400,998
28177,Ellenbrook,2200000,6.080091194652778,556913.86875,270240.3761139365,1643086.13125,65 Cathedral Avenue,Brigadoon,4,2,235,38672
18363,Casuarina - Wandi,1530000,6.073302626045667,377879.49912587414,189702.4686260814,1152120.5008741259,320 Marri Park Drive,Casuarina,4,4,700,9986
11976,Perth Airport,2300000,6.071860547699109,576291.5412262157,283884.7244979913,1723708.4587737843,21 Swan Street,Henley Brook,3,1,410,42375
29949,Serpentine - Jarrahdale,2300000,5.985437705116232,598935.1359516616,284200.57944873476,1701064.8640483385,726 Westcott Road,Keysbrook,3,2,206,384707
30360,Mundijong,2400000,5.975498074881251,603505.5764023211,300643.46119522094,1796494.423597679,78 Bruns Drive,Darling Downs,3,1,82,306500
29146,Wanneroo - Sinagra,1250000,5.9598139698713775,518958.41985723557,122661.81190191435,731041.5801427644,7 Kentia Loop,Wanneroo,4,3,327,4118
6072,Wanneroo - Sinagra,1250000,5.9598139698713775,518958.41985723557,122661.81190191435,731041.5801427644,15 Agonis Place,Wanneroo,4,2,259,4100
4937,Perth Airport,2250000,5.895732719446223,576291.5412262157,283884.7244979913,1673708.4587737843,132 Swan Street,Guildford,4,2,232,3542
9213,Ellenbrook,2130000,5.821062543913752,556913.86875,270240.3761139365,1573086.13125,184 Copley Road,Upper Swan,4,2,209,63415
19044,Jandakot,1550000,5.799168229297526,564175.6062992126,169994.101692098,985824.3937007874,343 Lyon Road,Banjup,4,1,143,40643
17632,Piara Waters - Forrestdale,1805490,5.775155313321743,469187.012718601,231388.23369804525,1336302.987281399,300 Keane Road,Forrestdale,4,1,174,20055
31780,Wanneroo - Sinagra,1215000,5.674476590149745,518958.41985723557,122661.81190191435,696041.5801427644,84 Bebich Drive,Wanneroo,5,4,372,10201
26918,Wanneroo - Sinagra,1202500,5.572570383106305,518958.41985723557,122661.81190191435,683541.5801427644,6 James Spiers Drive,Wanneroo,4,2,281,2205
25829,Lesmurdie - Bickley - Carmel,2250000,5.548182847145512,561552.7089072544,304324.37747819285,1688447.2910927455,550 Lake Road,Champion Lakes,4,2,284,33807
6382,Ocean Reef,1675000,5.545359811544989,606561.259977195,192672.57244487587,1068438.740022805,15 Iluka Avenue,Mullaloo,5,4,210,809
9660,Perth Airport,2150000,5.543477062940452,576291.5412262157,283884.7244979913,1573708.4587737843,19 Market Street,Guildford,4,4,450,2713
4086,Kalamunda - Maida Vale - Gooseberry Hill,1620000,5.513389366555468,479757.75092421443,206813.29999882824,1140242.2490757855,120 Weir Road,Baskerville,4,4,290,42240
22450,Jandakot,1500000,5.505040377199678,564175.6062992126,169994.101692098,935824.3937007874,43 Hausen Court,Banjup,4,3,398,21035
9937,Neerabup National Park,1273000,5.503926676996736,467800.70680628275,146295.42514782937,805199.2931937173,1954L Wanneroo Road,Neerabup,2,2,134,14056
15341,Warnbro,1350000,5.491229467221986,415480.118,170184.08856856127,934519.882,28 Arcadia Drive,Shoalwater,3,2,185,835
11283,Warnbro,1350000,5.491229467221986,415480.118,170184.08856856127,934519.882,20 Pembroke Court,Warnbro,4,2,250,3365
9183,Neerabup National Park,1270000,5.483420225773339,467800.70680628275,146295.42514782937,802199.2931937173,1814 Wanneroo Road,Neerabup,4,2,293,36018
18717,Kalamunda - Maida Vale - Gooseberry Hill,1610000,5.4650365768651685,479757.75092421443,206813.29999882824,1130242.2490757855,336 Padbury Avenue,Herne Hill,4,2,255,67392
5588,Murdoch - Kardinya,1700000,5.409012168635913,589506.6455399061,205304.28104770687,1110493.354460094,14 Patriot Link,North Coogee,5,4,400,441
29157,Mindarie - Quinns Rocks - Jindalee,1500000,5.399959900557847,469936.92954363493,190753.83695903997,1030063.0704563651,7 Kings Lynn Rise,Mindarie,4,3,295,1326
31722,Belmont - Ascot - Redcliffe,1850000,5.373954649906262,591958.7529069767,234099.71409322694,1258041.2470930233,83 Fauntleroy Avenue,Ascot,5,2,465,1307
1484,Perth Airport,2100000,5.367349234687566,576291.5412262157,283884.7244979913,1523708.4587737843,10 Victoria Street,Guildford,5,2,298,4641
9953,Neerabup National Park,1250000,5.346710550950697,467800.70680628275,146295.42514782937,782199.2931937173,1974 Wanneroo Road,Neerabup,5,3,351,20980
19989,Piara Waters - Forrestdale,1700000,5.319254862749734,469187.012718601,231388.23369804525,1230812.987281399,38 Canns Road,Bedfordale,5,2,367,39975
23383,Jandakot,1460000,5.269738095521399,564175.6062992126,169994.101692098,895824.3937007874,477 Beenyup Road,Banjup,6,4,305,20484
22603,Piara Waters - Forrestdale,1675260,5.212334992172888,469187.012718601,231388.23369804525,1206072.987281399,44 Anstey Road,Forrestdale,4,2,177,20627
20339,Jandakot,1450000,5.210912525101829,564175.6062992126,169994.101692098,885824.3937007874,39 Muir Court,Banjup,5,4,256,2020
28626,Mundaring,1650000,5.127331955207859,564910.7292418772,211628.44150474624,1085089.2707581227,6915 Great Eastern Highway,Mundaring,3,1,50,2022
2047,Kalamunda - Maida Vale - Gooseberry Hill,1535000,5.1023906541879285,479757.75092421443,206813.29999882824,1055242.2490757855,11 Almondtree Lane,Maida Vale,4,2,336,4005
27706,Rockingham Lakes,935000,5.069678809421202,326341.1417721519,120058.66270990406,608658.8582278481,61 Esplanade,Rockingham,4,1,159,526
22013,Ocean Reef,1582500,5.065270721404956,606561.259977195,192672.57244487587,975938.740022805,41 Pine Valley Pass,Connolly,4,3,524,817
26814,Forrestfield - Wattle Grove,1200000,5.056135700634705,473601.65497630334,143666.70280081895,726398.3450236967,6 Fontano Road,Wattle Grove,4,3,200,1907
10493,Winthrop,1900000,5.032882810775578,803064.6754098361,217953.67900114562,1096935.3245901638,2 Luks Cove,Winthrop,5,3,333,845
22606,Murdoch - Kardinya,1620000,5.019346645872604,589506.6455399061,205304.28104770687,1030493.3544600939,44 Arabella Loop,North Coogee,5,3,354,648
31913,Perth Airport,2000000,5.015093578181795,576291.5412262157,283884.7244979913,1423708.4587737843,8511 West Swan Road,Henley Brook,4,3,457,40008
8438,Perth Airport,1980000,4.944642446880641,576291.5412262157,283884.7244979913,1403708.4587737843,170 Bushmead Road,Hazelmere,2,1,125,30286
32440,Wanneroo - Sinagra,1125000,4.940751899436976,518958.41985723557,122661.81190191435,606041.5801427644,9 Decora Court,Wanneroo,4,2,247,4093
7241,Kalamunda - Maida Vale - Gooseberry Hill,1500000,4.933155890271883,479757.75092421443,206813.29999882824,1020242.2490757855,16 Hibbertia Court,Maida Vale,5,3,347,10521
360,Kalamunda - Maida Vale - Gooseberry Hill,1500000,4.933155890271883,479757.75092421443,206813.29999882824,1020242.2490757855,1 Memorial Avenue,Baskerville,3,1,100,54696
4204,Mundaring,1600000,4.891068815695591,564910.7292418772,211628.44150474624,1035089.2707581228,1240 Martin Road,Mundaring,6,5,500,76163
12850,Mindarie - Quinns Rocks - Jindalee,1400000,4.875724049818588,469936.92954363493,190753.83695903997,930063.0704563651,23 Belize Way,Mindarie,4,3,297,858
25951,Casuarina - Wandi,1300000,4.860877707878955,377879.49912587414,189702.4686260814,922120.5008741259,56 Scovell Crescent,Anketell,4,2,314,20171
3687,Wanneroo - Sinagra,1115000,4.859226933802224,518958.41985723557,122661.81190191435,596041.5801427644,12 Kentia Loop,Wanneroo,4,2,211,4003
1319,Neerabup National Park,1175000,4.834049270365788,467800.70680628275,146295.42514782937,707199.2931937173,10 Panorama Place,Carramar,4,3,342,20400
9645,Lesmurdie - Bickley - Carmel,2025000,4.808840169886202,561552.7089072544,304324.37747819285,1463447.2910927455,19 Loaring Road,Bickley,4,3,358,38909
737,Perth (West) - Northbridge,2300000,4.792937491654305,745222.9861111111,324389.1698141572,1554777.013888889,1/6 Bellevue Terrace,West Perth,3,3,184,2133
3123,Warnbro,1225000,4.756730719122854,415480.118,170184.08856856127,809519.882,116 Arcadia Drive,Shoalwater,5,2,157,788
18101,Maddington - Orange Grove - Martin,1550000,4.744413105164669,462390.1898527005,229240.1159088255,1087609.8101472994,32 Boyle Lane,Orange Grove,5,3,378,21942
7067,Wanneroo - Sinagra,1100000,4.736939485350096,518958.41985723557,122661.81190191435,581041.5801427644,16 Canna Place,Wanneroo,6,2,250,14900
509,Padbury,2195000,4.736443062042942,723002.7368421053,310781.15874636674,1471997.2631578948,1 St Ives Loop,Kallaroo,4,4,477,1000
15989,Canning Vale - East,1235000,4.728794156372241,623297.5852534563,129356.95539258143,611702.4147465437,29 Sheldrake Way,Willetton,4,2,338,841
21721,Lesmurdie - Bickley - Carmel,2000000,4.7266909835240565,561552.7089072544,304324.37747819285,1438447.2910927455,40 Mitchell Road,Walliston,4,3,220,8201
25525,Piara Waters - Forrestdale,1560000,4.714211132727161,469187.012718601,231388.23369804525,1090812.987281399,533 Nicholson Road,Forrestdale,4,2,205,34658
25636,Alkimos - Eglinton,905000,4.703757295629843,405001.77894736844,106297.62328876297,499998.22105263156,54 Pipidinny Road,Eglinton,3,1,100,20231
13613,Kalamunda - Maida Vale - Gooseberry Hill,1450000,4.691391941820389,479757.75092421443,206813.29999882824,970242.2490757855,24 Kings Row,Baskerville,4,2,255,40112
30479,Kalamunda - Maida Vale - Gooseberry Hill,1450000,4.691391941820389,479757.75092421443,206813.29999882824,970242.2490757855,79 Vine Street,Herne Hill,5,2,295,30376
26121,Jandakot,1360000,4.6814823913257015,564175.6062992126,169994.101692098,795824.3937007874,57 Triandra Court,Banjup,4,2,411,20181
32257,Lockridge - Kiara,1115000,4.672343668446861,448533.7236641221,142640.6796307898,666466.2763358778,9 Ashfield Parade,Ashfield,4,2,300,1151
13461,Neerabup National Park,1150000,4.663162176837484,467800.70680628275,146295.42514782937,682199.2931937173,24 Carramar Road,Carramar,5,3,359,5012
27913,Perth Airport,1900000,4.662837921676023,576291.5412262157,283884.7244979913,1323708.4587737843,6241 West Swan Road,West Swan,4,2,212,58034
4083,Casuarina - Wandi,1260000,4.6500212003717,377879.49912587414,189702.4686260814,882120.5008741259,120 Scovell Crescent,Anketell,4,2,277,20453
18533,Lockridge - Kiara,1110000,4.637290554475854,448533.7236641221,142640.6796307898,661466.2763358778,33 Hardy Road,Ashfield,5,3,254,943
17661,Wanneroo - Sinagra,1085000,4.614652036897967,518958.41985723557,122661.81190191435,566041.5801427644,305 Badgerup Road,Wanneroo,5,3,256,10005
4138,Warnbro,1200000,4.609830969503028,415480.118,170184.08856856127,784519.882,122 Warnbro Beach Road,Waikiki,4,2,267,789
2540,Casuarina - Wandi,1250000,4.597307073494887,377879.49912587414,189702.4686260814,872120.5008741259,11 Miyak Court,Anketell,4,2,264,24006
26387,Serpentine - Jarrahdale,1900000,4.577981039208366,598935.1359516616,284200.57944873476,1301064.8640483385,590 Hopeland Road,Hopeland,5,2,340,198966
24041,Winthrop,1800000,4.574069725085594,803064.6754098361,217953.67900114562,996935.3245901639,5 Craig Place,Winthrop,5,3,380,812
4683,Winthrop,1800000,4.574069725085594,803064.6754098361,217953.67900114562,996935.3245901639,13 Neumann Grove,Winthrop,4,3,393,851
6915,Chittering,1500000,4.572685355502187,498796.7474747475,218953.0165946214,1001203.2525252525,1597 Neaves Road,Bullsbrook,9,4,371,81448
18387,Kalamunda - Maida Vale - Gooseberry Hill,1425000,4.570509967594642,479757.75092421443,206813.29999882824,945242.2490757855,325 Haddrill Road,Baskerville,4,3,339,61468
28262,Rockingham Lakes,875000,4.569923117947467,326341.1417721519,120058.66270990406,548658.8582278481,65A Rockingham Beach Road,Rockingham,4,2,213,482
77,Lockridge - Kiara,1100000,4.567184326533839,448533.7236641221,142640.6796307898,651466.2763358778,1 Carnegie Road,Bassendean,4,2,251,1012
8129,Fremantle - South,2202500,4.548034727276254,868886.4134615385,293228.5407893404,1333613.5865384615,17 Keeling Way,South Fremantle,4,3,371,511
29481,Glen Forrest - Darlington,1850000,4.546379444689759,643897.1544715447,265288.6456578547,1206102.8455284555,7 Stone Crescent,Darlington,5,1,307,4459
9918,Kalamunda - Maida Vale - Gooseberry Hill,1420000,4.546333572749493,479757.75092421443,206813.29999882824,940242.2490757855,1940 Clayton Road,Helena Valley,4,2,294,36540
12764,Maddington - Orange Grove - Martin,1500000,4.526301193112215,462390.1898527005,229240.1159088255,1037609.8101472994,227 Maddington Road,Maddington,2,1,72,23032
14457,Casuarina - Wandi,1235000,4.518235883179667,377879.49912587414,189702.4686260814,857120.5008741259,26 Casella Place,Wandi,4,2,355,20014
16471,Beeliar - Wattleup,1900000,4.492754076135265,780597.1633986929,249157.38044674692,1119402.8366013071,3 Cyprus Court,Coogee,6,6,627,705
9161,Perth Airport,1850000,4.486710093423137,576291.5412262157,283884.7244979913,1273708.4587737843,180 George Street,West Swan,4,2,258,37560
25523,Mundijong,1950000,4.478708494921635,603505.5764023211,300643.46119522094,1346494.423597679,530 Leipold Road,Oldbury,4,2,260,172535
13057,Casuarina - Wandi,1225000,4.465521756302853,377879.49912587414,189702.4686260814,847120.5008741259,23 Lill Place,Anketell,6,4,300,19998
562,Canning Vale - East,1200000,4.45822501771418,623297.5852534563,129356.95539258143,576702.4147465437,1 Valley Close,Canning Vale,5,2,290,10000
17736,Kalamunda - Maida Vale - Gooseberry Hill,1400000,4.449627993368895,479757.75092421443,206813.29999882824,920242.2490757855,31 Bromley Road,Herne Hill,5,5,650,18188
4059,Baldivis - South,1012000,4.439641967513709,419363.4259259259,133487.47002812094,592636.5740740742,120 Churcher Road,Baldivis,4,2,280,20041
9301,Ocean Reef,1460000,4.429477061489777,606561.259977195,192672.57244487587,853438.740022805,18A Mabena Place,Ocean Reef,4,3,331,508
25089,Lockridge - Kiara,1080000,4.426971870649811,448533.7236641221,142640.6796307898,631466.2763358778,51 Hardy Road,Ashfield,5,2,300,1401
19655,Mundaring,1500000,4.418542536671052,564910.7292418772,211628.44150474624,935089.2707581228,3680 Richardson Road,Parkerville,5,3,249,44358
24970,Perth Airport,1825000,4.398646179296695,576291.5412262157,283884.7244979913,1248708.4587737843,50 Saunders Street,Henley Brook,4,3,280,20227
28423,Lockridge - Kiara,1075000,4.391918756678804,448533.7236641221,142640.6796307898,626466.2763358778,67 Whitfield Street,Bassendean,4,2,266,1056
14271,Ocean Reef,1450000,4.377575538231396,606561.259977195,192672.57244487587,843438.740022805,25 Vigilant Terrace,Ocean Reef,5,2,365,783
10747,Kalamunda - Maida Vale - Gooseberry Hill,1385000,4.3770988088334475,479757.75092421443,206813.29999882824,905242.2490757855,2 Weir Road,Baskerville,4,2,207,71503
26907,Murdoch - Kardinya,1480000,4.337431981036813,589506.6455399061,205304.28104770687,890493.3544600939,6 Hydaspe Vista,North Coogee,6,4,500,534
16882,Murdoch - Kardinya,1480000,4.337431981036813,589506.6455399061,205304.28104770687,890493.3544600939,3 Newark Turn,North Coogee,4,2,350,585
31843,Casuarina - Wandi,1200000,4.333736439110819,377879.49912587414,189702.4686260814,822120.5008741259,84 The Horseshoe,Wandi,4,2,299,20235
27602,Casuarina - Wandi,1200000,4.333736439110819,377879.49912587414,189702.4686260814,822120.5008741259,60 Orton Road,Casuarina,4,2,160,41182
6452,Murdoch - Kardinya,1477800,4.326716179160822,589506.6455399061,205304.28104770687,888293.3544600939,15 Lullworth Terrace,North Coogee,4,2,340,469
29906,Jandakot,1290000,4.269703398388714,564175.6062992126,169994.101692098,725824.3937007874,72 Gutteridge Road,Banjup,6,3,322,20698
4209,Maddington - Orange Grove - Martin,1440000,4.264566898649271,462390.1898527005,229240.1159088255,977609.8101472994,125 Connell Avenue,Martin,5,3,53,10763
30588,Ballajura,850000,4.255686802613929,420807.3768115942,100851.55301484758,429192.6231884058,8 Alta Laguna Crescent,Ballajura,5,3,307,900
4143,Beechboro,1045000,4.253717156023832,458435.7044025157,137894.5223865745,586564.2955974843,123 Bridgeman Drive,Bennett Springs,5,4,401,490
15292,Mundaring,1465000,4.253158339012463,564910.7292418772,211628.44150474624,900089.2707581228,2790 Thomas Road,Mahogany Creek,5,3,318,17882
29729,Lesmurdie - Bickley - Carmel,1850000,4.2337958653511825,561552.7089072544,304324.37747819285,1288447.2910927455,70 John Farrant Drive,Gooseberry Hill,4,4,334,11274
12909,Singleton - Golden Bay - Secret Harbour,1040000,4.229462436769565,461583.0091324201,136758.98521736744,578416.9908675798,23 Cobblestones Circuit,Secret Harbour,5,4,460,797
7179,Iluka - Burns Beach,1770000,4.223930331901537,715964.8845577211,249538.9442107042,1054035.1154422788,16 Fernando Parkway,Iluka,4,3,409,626
4255,Jandakot,1280000,4.210877827969145,564175.6062992126,169994.101692098,715824.3937007874,126 Merrit Loop,Jandakot,4,1,273,22127
8561,Kalamunda - Maida Vale - Gooseberry Hill,1350000,4.207864044917402,479757.75092421443,206813.29999882824,870242.2490757855,1780 Katharine Street,Helena Valley,4,2,337,7604
20210,Wembley Downs - Churchlands - Woodlands,2400000,4.203623225704737,966601.5,340991.1933198273,1433398.5,39 Appleberry Street,Churchlands,4,2,384,471
5334,Riverton - Shelley - Rossmoyne,2400000,4.16384211486168,802721.9448621554,383606.77736478136,1597278.0551378448,14 Etna Place,Rossmoyne,4,3,305,766
22573,Mundijong,1850000,4.146088588263943,603505.5764023211,300643.46119522094,1246494.423597679,435 King Road,Oldbury,4,2,160,90759
15026,Jandakot,1265000,4.12263947233979,564175.6062992126,169994.101692098,700824.3937007874,27 Glendale Crescent,Jandakot,5,2,242,11750
6137,Mindarie - Quinns Rocks - Jindalee,1250000,4.089370273709702,469936.92954363493,190753.83695903997,780063.0704563651,15 Birkenhead Ridge,Mindarie,4,3,392,759
21633,Mindarie - Quinns Rocks - Jindalee,1250000,4.089370273709702,469936.92954363493,190753.83695903997,780063.0704563651,40 Clarecastle Retreat,Mindarie,4,2,267,411
3690,Canning Vale - East,1150000,4.071697676774093,623297.5852534563,129356.95539258143,526702.4147465437,12 Kielman Road,Willetton,5,2,342,956
17625,Rockingham Lakes,815000,4.070167426473732,326341.1417721519,120058.66270990406,488658.8582278481,30/43 Rockingham Beach Road,Rockingham,3,2,159,214
19068,Casuarina - Wandi,1150000,4.070165804726751,377879.49912587414,189702.4686260814,772120.5008741259,348 Rowley Road,Wandi,4,2,227,19997
25295,Lesmurdie - Bickley - Carmel,1800000,4.069497492626891,561552.7089072544,304324.37747819285,1238447.2910927455,52 Lenori Road,Gooseberry Hill,4,4,519,2004
4422,Murdoch - Kardinya,1420000,4.045182838964331,589506.6455399061,205304.28104770687,830493.3544600939,13 Battye Road,Kardinya,5,3,300,928
2455,Bentley - Wilson - St James,1150000,4.036307995228428,553619.3671641791,147753.9953692433,596380.6328358209,11 Langler Street,East Victoria Park,4,2,198,616
1384,Wanneroo - Sinagra,1012500,4.023596036046015,518958.41985723557,122661.81190191435,493541.58014276443,10 Rome Road,Wanneroo,8,4,240,20454
25367,Piara Waters - Forrestdale,1400000,4.022732584129936,469187.012718601,231388.23369804525,930812.9872813991,529 Rowley Road,Forrestdale,5,3,325,40479
3180,Warnbro,1100000,4.022231971023722,415480.118,170184.08856856127,684519.882,118 Arcadia Drive,Shoalwater,4,3,74,788
3934,Warnbro,1100000,4.022231971023722,415480.118,170184.08856856127,684519.882,12 St Malo Cove,Warnbro,4,2,288,4135
30052,Forrestfield - Wattle Grove,1050000,4.012052436553941,473601.65497630334,143666.70280081895,576398.3450236967,74 Gibbs Street,East Cannington,2,1,101,1011
1944,Dianella - North,750000,4.002868803056018,368904.97202797205,95205.4755532028,381095.02797202795,109 Chesterfield Road,Mirrabooka,5,4,281,294
23731,Mundaring,1410000,3.993268885548967,564910.7292418772,211628.44150474624,845089.2707581228,490 Zamia Drive,Mundaring,4,2,357,10312
7277,Lesmurdie - Bickley - Carmel,1775000,3.987348306264746,561552.7089072544,304324.37747819285,1213447.2910927455,16 John Farrant Drive,Gooseberry Hill,5,4,222,11819
23354,Glen Forrest - Darlington,1700000,3.980957582672126,643897.1544715447,265288.6456578547,1056102.8455284555,47 Stone Crescent,Darlington,5,3,434,2610
20638,Murdoch - Kardinya,1405000,3.972120553446211,589506.6455399061,205304.28104770687,815493.3544600939,4 Cambria Link,North Coogee,4,2,357,586
2111,Fremantle - South,2033000,3.9699873123018317,868886.4134615385,293228.5407893404,1164113.5865384615,11 Beard Street,Beaconsfield,4,3,501,1012
23064,Kalamunda - Maida Vale - Gooseberry Hill,1300000,3.966100096465908,479757.75092421443,206813.29999882824,820242.2490757855,46 Bruce Road,Maida Vale,5,2,283,9515
30379,Kalamunda - Maida Vale - Gooseberry Hill,1300000,3.966100096465908,479757.75092421443,206813.29999882824,820242.2490757855,78 Hawkvalley Crescent,Maida Vale,5,3,249,400
15782,Kalamunda - Maida Vale - Gooseberry Hill,1300000,3.966100096465908,479757.75092421443,206813.29999882824,820242.2490757855,29 Bruce Road,Maida Vale,5,3,335,10386
19322,Lockridge - Kiara,1012000,3.9502495206441126,448533.7236641221,142640.6796307898,563466.2763358778,35 Wilson Street,Bassendean,4,2,166,1013
15356,Padbury,1950000,3.9481069834071443,723002.7368421053,310781.15874636674,1226997.2631578948,28 Barbados Turn,Hillarys,5,4,371,700
26576,Murdoch - Kardinya,1400000,3.947766458273504,589506.6455399061,205304.28104770687,810493.3544600939,6 Bombay Heights,North Coogee,5,4,440,539
20108,Murdoch - Kardinya,1400000,3.947766458273504,589506.6455399061,205304.28104770687,810493.3544600939,38 Riley Road,Kardinya,4,3,454,735
31978,Mundaring,1400000,3.946016257646513,564910.7292418772,211628.44150474624,835089.2707581228,865 Martin Road,Mundaring,5,3,301,7304
25364,Iluka - Burns Beach,1700000,3.9434129953334467,715964.8845577211,249538.9442107042,984035.1154422789,528 Burns Beach Road,Burns Beach,5,4,441,565
17972,Kalamunda - Maida Vale - Gooseberry Hill,1295000,3.941923701620759,479757.75092421443,206813.29999882824,815242.2490757855,31 The Crescent,Helena Valley,4,2,341,4000
8754,Singleton - Golden Bay - Secret Harbour,1000000,3.936977084261112,461583.0091324201,136758.98521736744,538416.9908675798,18 Drummonds Approach,Secret Harbour,4,3,379,708
9360,Mindarie - Quinns Rocks - Jindalee,1215000,3.9058877259509615,469936.92954363493,190753.83695903997,745063.0704563651,19 Baton Rouge Drive,Mindarie,4,2,300,724
16629,Jandakot,1228000,3.904984861787382,564175.6062992126,169994.101692098,663824.3937007874,3 Harper Road,Banjup,5,2,251,20004
19046,Warnbro,1080000,3.9047121713278616,415480.118,170184.08856856127,664519.882,344 Safety Bay Road,Safety Bay,4,3,295,697
26152,Ellenbrook,1610000,3.896849709852412,556913.86875,270240.3761139365,1053086.13125,58 Boulonnais Drive,Brigadoon,5,2,282,46772
23199,Jandakot,1225000,3.887337190661511,564175.6062992126,169994.101692098,660824.3937007874,469 Beenyup Road,Banjup,5,2,279,20234
31248,Wembley Downs - Churchlands - Woodlands,2291250,3.884700033169381,966601.5,340991.1933198273,1324648.5,8 Porlock Way,Karrinyup,5,5,495,910
25703,Jandakot,1220000,3.8579244054517265,564175.6062992126,169994.101692098,655824.3937007874,55 Boeing Way,Jandakot,4,2,200,23000
24949,Kalamunda - Maida Vale - Gooseberry Hill,1277000,3.854888680178221,479757.75092421443,206813.29999882824,797242.2490757855,50 Loton Road,Millendon,4,2,212,19025
5826,Kalamunda - Maida Vale - Gooseberry Hill,1275000,3.8452181222401616,479757.75092421443,206813.29999882824,795242.2490757855,140 William Street,Herne Hill,4,2,260,51251
19857,Kalamunda - Maida Vale - Gooseberry Hill,1275000,3.8452181222401616,479757.75092421443,206813.29999882824,795242.2490757855,37 Rhodes Place,Maida Vale,6,2,270,10109
27939,Bicton - Palmyra,2300000,3.8406721146251663,870817.5889570552,372117.7878217357,1429182.4110429448,63 Beach Street,Bicton,5,3,404,1011
21324,Lesmurdie - Bickley - Carmel,1730000,3.839479770812884,561552.7089072544,304324.37747819285,1168447.2910927455,4 Sing Gardens,Walliston,4,2,288,12080
21948,Jandakot,1215000,3.8285116202419416,564175.6062992126,169994.101692098,650824.3937007874,41 Hausen Court,Banjup,4,2,231,20033
15493,Mindarie - Quinns Rocks - Jindalee,1200000,3.827252348340073,469936.92954363493,190753.83695903997,730063.0704563651,28 Kinsale Drive,Mindarie,5,4,449,888
8859,Victoria Park - Lathlain - Burswood,1765000,3.8268032510658125,767549.3827160494,260648.52354406987,997450.6172839506,18 Keyes Street,Lathlain,5,3,370,764
12234,Beckenham - Kenwick - Langford,85000,-3.8248147106632158,436725.31955922866,91958.78654687566,-351725.31955922866,22 Belvedaire Way,Lynwood,3,2,299,706
23586,Melville,1730000,3.8214045827505068,806980.2200647249,241539.4025803254,923019.7799352751,48B Davy Street,Alfred Cove,4,2,281,466
22442,Piara Waters - Forrestdale,1350000,3.806645537693303,469187.012718601,231388.23369804525,880812.9872813991,43 Freeman Road,Forrestdale,4,2,225,48280
33341,Casuarina - Wandi,1100000,3.8065951703426837,377879.49912587414,189702.4686260814,722120.5008741259,94 Scovell Crescent,Anketell,4,3,644,20493
12093,Casuarina - Wandi,1100000,3.8065951703426837,377879.49912587414,189702.4686260814,722120.5008741259,214 Marri Park Drive,Casuarina,4,2,301,11507
24051,Wanneroo - Sinagra,985000,3.7994023805504464,518958.41985723557,122661.81190191435,466041.58014276443,5 Cyclamen Court,Wanneroo,4,2,207,410
19940,Jandakot,1210000,3.7990988350321566,564175.6062992126,169994.101692098,645824.3937007874,378 Liddelow Road,Banjup,5,2,250,20212
30722,Riverton - Shelley - Rossmoyne,2245000,3.7597825175188344,802721.9448621554,383606.77736478136,1442278.0551378448,8 Central Road,Rossmoyne,5,3,432,980
1074,Jandakot,1200000,3.740273264612587,564175.6062992126,169994.101692098,635824.3937007874,10 Glen Iris Drive,Jandakot,5,2,307,1066
4982,Jandakot,1200000,3.740273264612587,564175.6062992126,169994.101692098,635824.3937007874,134 Merrit Loop,Jandakot,6,3,288,20009
12719,Jandakot,1200000,3.740273264612587,564175.6062992126,169994.101692098,635824.3937007874,223 Fraser Road,Jandakot,5,2,395,20089
12099,Jandakot,1200000,3.740273264612587,564175.6062992126,169994.101692098,635824.3937007874,215 Jandakot Road,Jandakot,4,1,260,23512
29950,North Perth,1675000,3.734771922727584,849586.6666666666,221007.69482344086,825413.3333333334,72A Albert Street,North Perth,3,2,255,386
27888,Serpentine - Jarrahdale,1660000,3.733507039663646,598935.1359516616,284200.57944873476,1061064.8640483385,62 Rowe Road,Serpentine,6,3,490,161874
12722,Piara Waters - Forrestdale,1333000,3.7331759419048476,469187.012718601,231388.23369804525,863812.9872813991,223 Oxley Road,Forrestdale,4,2,307,29527
4616,Warnbro,1050000,3.72843247178407,415480.118,170184.08856856127,634519.882,13 La Seyne Crescent,Warnbro,5,3,312,2308
24328,Warnbro,1050000,3.72843247178407,415480.118,170184.08856856127,634519.882,5 La Seyne Crescent,Warnbro,5,3,228,2606
25387,Lockridge - Kiara,980000,3.7259095912296667,448533.7236641221,142640.6796307898,531466.2763358778,53 Ashfield Parade,Ashfield,4,2,275,1140
6845,Kalamunda - Maida Vale - Gooseberry Hill,1250000,3.7243361480144146,479757.75092421443,206813.29999882824,770242.2490757855,155 Moore Road,Millendon,4,2,210,20095
9097,Wanneroo - Sinagra,975000,3.717877414915694,518958.41985723557,122661.81190191435,456041.58014276443,18 Tyne Crescent,Wanneroo,4,2,280,601
7651,Bayswater - Embleton - Bedford,1555000,3.7149684435838872,706717.0234899329,228341.9063693891,848282.9765100671,161 Tenth Avenue,Inglewood,5,3,291,731
13018,Ocean Reef,1321500,3.710640964361188,606561.259977195,192672.57244487587,714938.740022805,23 Iluka Avenue,Mullaloo,3,3,346,438
23831,Beechboro,970000,3.7098231803824753,458435.7044025157,137894.5223865745,511564.2955974843,5 Alstonia Way,Bennett Springs,5,3,328,568
11014,Marangaroo,720000,3.705539406573833,397856.5619834711,86935.63950366538,322143.4380165289,20 Capstone Way,Marangaroo,5,2,271,754
27381,Piara Waters - Forrestdale,1325000,3.6986020144749863,469187.012718601,231388.23369804525,855812.9872813991,6 Twelfth Road,Haynes,3,2,146,6753
15578,South Perth - Kensington,2300000,3.697252546404305,997348.3917525773,352329.6263638502,1302651.6082474226,28 Ridge Street,South Perth,4,3,247,1014
26298,Maylands,1965000,3.6953289452414055,739668.9230769231,331589.17516692943,1225331.076923077,59 Clarkson Road,Maylands,4,3,468,684
32431,Fremantle - South,1950000,3.686931645972174,868886.4134615385,293228.5407893404,1081113.5865384615,9 Daly Street,South Fremantle,4,2,382,722
33188,Kalamunda - Maida Vale - Gooseberry Hill,1240000,3.6759833583241157,479757.75092421443,206813.29999882824,760242.2490757855,91 Stock Road,Herne Hill,4,2,220,85409
9636,Casuarina - Wandi,1075000,3.6748098531506495,377879.49912587414,189702.4686260814,697120.5008741259,19 Lill Place,Anketell,4,2,402,22275
1392,Belmont - Ascot - Redcliffe,1450000,3.6652810551973607,591958.7529069767,234099.71409322694,858041.2470930233,10 Samphire Street,Ascot,5,3,392,528
8105,Forrestfield - Wattle Grove,1000000,3.664024681860354,473601.65497630334,143666.70280081895,526398.3450236967,17 Jack Road,Wattle Grove,5,2,370,2034
26762,Beckenham - Kenwick - Langford,100000,-3.66169816070359,436725.31955922866,91958.78654687566,-336725.31955922866,6 Duncan Close,Parkwood,4,2,141,680
25817,Jandakot,1185000,3.6520349089832327,564175.6062992126,169994.101692098,620824.3937007874,55 Wolfe Road,Banjup,3,2,246,20515
6006,Toodyay,1600000,3.6461630334542763,792695.4022988506,221412.0954806376,807304.5977011494,1498 Toodyay Road,Gidgegannup,6,4,321,57060
19922,Kalamunda - Maida Vale - Gooseberry Hill,1230000,3.6276305686338173,479757.75092421443,206813.29999882824,750242.2490757855,371 Lennard Street,Herne Hill,4,1,156,8099
30286,Jandakot,1180000,3.6226221237734477,564175.6062992126,169994.101692098,615824.3937007874,77 Boronia Road,Banjup,3,2,257,22367
8545,Casuarina - Wandi,1065000,3.622095726273836,377879.49912587414,189702.4686260814,687120.5008741259,177 Robinson Road,Wandi,4,2,208,21543
19967,Wembley Downs - Churchlands - Woodlands,2200000,3.617097814145462,966601.5,340991.1933198273,1233398.5,38 Alumni Terrace,Churchlands,4,2,373,450
33456,Perth Airport,1600000,3.606070952158709,576291.5412262157,283884.7244979913,1023708.4587737843,9670 West Swan Road,Henley Brook,4,2,250,62726
14763,Perth Airport,1600000,3.606070952158709,576291.5412262157,283884.7244979913,1023708.4587737843,26 Victoria Street,Guildford,3,2,233,1763
27751,Ocean Reef,1300000,3.5990526893556667,606561.259977195,192672.57244487587,693438.740022805,61 Pine Valley Pass,Connolly,4,2,42,701
11144,Ocean Reef,1300000,3.5990526893556667,606561.259977195,192672.57244487587,693438.740022805,20 Inverness Edge,Connolly,6,4,686,1064
13880,Mundaring,1325000,3.591621548378109,564910.7292418772,211628.44150474624,760089.2707581228,2450 Thomas Road,Mahogany Creek,4,2,498,12004
1902,Piara Waters - Forrestdale,1300000,3.5905584912566697,469187.012718601,231388.23369804525,830812.9872813991,107 Twelfth Road,Haynes,4,2,330,27140
9755,Marangaroo,710000,3.590511783183792,397856.5619834711,86935.63950366538,312143.4380165289,19 Russon Court,Alexander Heights,5,2,268,816
29309,Victoria Park - Lathlain - Burswood,1700000,3.5774252798569712,767549.3827160494,260648.52354406987,932450.6172839506,7 Oldfield Street,Burswood,4,1,255,333
5222,Victoria Park - Lathlain - Burswood,1700000,3.5774252798569712,767549.3827160494,260648.52354406987,932450.6172839506,14 Bow River Crescent,Burswood,4,2,258,391
21671,Lesmurdie - Bickley - Carmel,1650000,3.5766023744540183,561552.7089072544,304324.37747819285,1088447.2910927455,40 Francais Road,Pickering Brook,4,3,343,35340
30046,Lesmurdie - Bickley - Carmel,1650000,3.5766023744540183,561552.7089072544,304324.37747819285,1088447.2910927455,74 Davies Crescent,Gooseberry Hill,5,4,335,3961
6479,Maylands,1925000,3.574697745565291,739668.9230769231,331589.17516692943,1185331.076923077,15 Mcevoy Cove,Maylands,4,3,270,516
5294,Manning - Waterford,2100000,3.573905565554345,919637.2554517133,330272.50521802803,1180362.7445482868,14 Crossman Pass,Salter Point,4,4,419,509
12577,Manning - Waterford,2100000,3.573905565554345,919637.2554517133,330272.50521802803,1180362.7445482868,22 Salter Point Parade,Salter Point,5,2,341,1089
3350,Mindarie - Quinns Rocks - Jindalee,1150000,3.565134422970444,469936.92954363493,190753.83695903997,680063.0704563651,12 Barquentine Avenue,Jindalee,4,3,437,838
28161,Wanneroo - Sinagra,955000,3.5548274836461897,518958.41985723557,122661.81190191435,436041.58014276443,65 Amberley Way,Pearsall,4,2,369,749
20066,Port Kennedy,685000,3.547201315541574,367967.20430107525,89375.4730834952,317032.79569892475,38 Le Mans Elbow,Port Kennedy,4,2,223,688
13039,Padbury,1825000,3.54589469838888,723002.7368421053,310781.15874636674,1101997.2631578948,23 Kirribilli Court,Kallaroo,5,2,412,1180
21800,Casuarina - Wandi,1050000,3.5430245359586157,377879.49912587414,189702.4686260814,672120.5008741259,403 De Haer Road,Wandi,5,2,223,31200
31906,Casuarina - Wandi,1050000,3.5430245359586157,377879.49912587414,189702.4686260814,672120.5008741259,85 The Horseshoe,Wandi,4,2,259,20002
12735,Forrestfield - Wattle Grove,982000,3.5387346901706622,473601.65497630334,143666.70280081895,508398.34502369666,224 Holmes Road,Forrestfield,4,2,247,10000
22452,Jandakot,1165000,3.5343837681440933,564175.6062992126,169994.101692098,600824.3937007874,43 Hebble Loop,Banjup,4,2,260,20001
26398,Trigg - North Beach - Watermans Bay,2425000,3.5327061287498984,1050076.9719887956,389198.24573626276,1374923.0280112044,59a West Coast Drive,Watermans Bay,4,4,272,912
15167,Rockingham Lakes,750000,3.5287654273771865,326341.1417721519,120058.66270990406,423658.8582278481,27 Roscoe Turn,Rockingham,4,3,237,401
21613,Rockingham Lakes,750000,3.5287654273771865,326341.1417721519,120058.66270990406,423658.8582278481,40 Bell Street,Rockingham,4,3,259,1011
29715,Forrestfield - Wattle Grove,980000,3.5248135799829186,473601.65497630334,143666.70280081895,506398.34502369666,70 Elizabeth Street,East Cannington,4,1,225,3732
12082,Serpentine - Jarrahdale,1600000,3.5223885397774652,598935.1359516616,284200.57944873476,1001064.8640483384,2133 South Western Highway,Jarrahdale,5,2,312,200683
6473,Perth Airport,1575000,3.518007038032266,576291.5412262157,283884.7244979913,998708.4587737843,15 Market Street,Guildford,4,3,380,784
13910,Beckenham - Kenwick - Langford,760000,3.5154300375199408,436725.31955922866,91958.78654687566,323274.68044077134,24A Nicol Road,Parkwood,4,2,200,365
3137,Ocean Reef,1283000,3.5108200998164176,606561.259977195,192672.57244487587,676438.740022805,116 Oceanside Promenade,Mullaloo,4,2,228,792
15381,Willagee,2300000,3.5053182132774516,873653.9904761905,406909.1371280054,1426346.0095238094,28 Burke Drive,Attadale,4,2,442,799
27548,Willagee,2300000,3.5053182132774516,873653.9904761905,406909.1371280054,1426346.0095238094,60 Burke Drive,Attadale,2,1,127,1047
7528,Hocking - Pearsall,2385000,3.505204011644969,764861.328125,462209.52232525824,1620138.671875,16 The Links,Gnangara,5,3,625,10028
11198,Lesmurdie - Bickley - Carmel,1625000,3.4944531880918728,561552.7089072544,304324.37747819285,1063447.2910927455,20 Loaring Road,Bickley,4,2,400,59116
12096,Ellenbrook,1500000,3.489804687262513,556913.86875,270240.3761139365,943086.13125,215 Cathedral Avenue,Brigadoon,3,2,202,20272
17862,Beckenham - Kenwick - Langford,116100,-3.486619730413592,436725.31955922866,91958.78654687566,-320625.31955922866,31 Letsom Way,Langford,4,1,127,831
22604,South Perth - Kensington,2225000,3.4843837031735414,997348.3917525773,352329.6263638502,1227651.6082474226,44 Anstey Street,South Perth,3,1,349,534
13861,Kalamunda - Maida Vale - Gooseberry Hill,1200000,3.482572199562921,479757.75092421443,206813.29999882824,720242.2490757855,243 William Street,Herne Hill,5,2,240,40463
7777,Kalamunda - Maida Vale - Gooseberry Hill,1200000,3.482572199562921,479757.75092421443,206813.29999882824,720242.2490757855,169 Stock Road,Herne Hill,4,1,168,40020
6866,Kalamunda - Maida Vale - Gooseberry Hill,1200000,3.482572199562921,479757.75092421443,206813.29999882824,720242.2490757855,156 Loton Road,Millendon,2,2,208,23792
29847,Casuarina - Wandi,1037500,3.4771318773625985,377879.49912587414,189702.4686260814,659620.5008741259,71 Scovell Crescent,Anketell,4,2,280,20509
9197,Neerabup National Park,975000,3.4669525221393616,467800.70680628275,146295.42514782937,507199.29319371725,1820 Wanneroo Road,Neerabup,4,2,171,38133
7866,Mindarie - Quinns Rocks - Jindalee,1130000,3.4602872528225923,469936.92954363493,190753.83695903997,660063.0704563651,17 Baton Rouge Drive,Mindarie,4,1,327,755
29720,Balcatta - Hamersley,915000,3.4581446936862807,560256.652892562,102581.98500343606,354743.347107438,70 Glenorchy Crescent,Hamersley,5,4,420,907
20054,Jandakot,1150000,3.4461454125147384,564175.6062992126,169994.101692098,585824.3937007874,38 Hebble Loop,Banjup,4,3,236,20000
17137,Victoria Park - Lathlain - Burswood,1665000,3.4431448338214414,767549.3827160494,260648.52354406987,897450.6172839506,3 Vantage Way,Burswood,4,2,260,361
10945,Trigg - North Beach - Watermans Bay,2390000,3.442777665856164,1050076.9719887956,389198.24573626276,1339923.0280112044,20 Ada Street,Watermans Bay,5,2,271,1024
8356,Iluka - Burns Beach,1574000,3.438481789510884,715964.8845577211,249538.9442107042,858035.1154422789,17 Third Avenue,Burns Beach,5,3,418,694
18862,Maddington - Orange Grove - Martin,1250000,3.4357416328499477,462390.1898527005,229240.1159088255,787609.8101472994,34 Fridayhill Drive,Southern River,5,3,410,869
20651,Warnbro,1000000,3.434632972544417,415480.118,170184.08856856127,584519.882,4 Cardiff Place,Warnbro,4,2,188,844
22921,Perth Airport,1550000,3.429943123905823,576291.5412262157,283884.7244979913,973708.4587737843,45 Market Street,Guildford,5,3,395,1661
4179,Perth Airport,1550000,3.429943123905823,576291.5412262157,283884.7244979913,973708.4587737843,124 Benara Road,Caversham,5,2,237,16583
22536,Kalamunda - Maida Vale - Gooseberry Hill,1189000,3.4293841309035926,479757.75092421443,206813.29999882824,709242.2490757855,43 Swan View Road,Greenmount,5,2,356,2461
2658,Winthrop,1550000,3.4270370108606327,803064.6754098361,217953.67900114562,746935.3245901639,11 Rossiter Way,Winthrop,5,2,351,719
8911,Stirling - Osborne Park,1600000,3.4246147419413204,729540.3379629629,254177.39735115352,870459.6620370371,18 Messina Avenue,Stirling,4,2,382,666
28803,Padbury,1785000,3.417186767183036,723002.7368421053,310781.15874636674,1061997.2631578948,7 Brookvale Rise,Kallaroo,4,3,330,930
2579,South Perth - Kensington,2200000,3.4134274220966203,997348.3917525773,352329.6263638502,1202651.6082474226,11 Norfolk Street,South Perth,3,1,312,412
26323,Lesmurdie - Bickley - Carmel,1600000,3.4123040017297273,561552.7089072544,304324.37747819285,1038447.2910927456,59 Heidelberg Road,Bickley,5,3,298,16187
7315,Trigg - North Beach - Watermans Bay,2375000,3.4042368960445635,1050076.9719887956,389198.24573626276,1324923.0280112044,16 Leach Street,Marmion,4,4,350,480
31818,Singleton - Golden Bay - Secret Harbour,925000,3.3885670483077637,461583.0091324201,136758.98521736744,463416.9908675799,84 Marillana Drive,Golden Bay,4,3,291,885
28730,Casuarina - Wandi,1020000,3.384882155328175,377879.49912587414,189702.4686260814,642120.5008741259,7 Ara Cove,Wandi,4,2,266,20100
1440,Willagee,2250000,3.3824406579762765,873653.9904761905,406909.1371280054,1376346.0095238094,10 Tanson Street,Attadale,5,3,470,893
14937,Noranda,950000,3.380432149252495,531253.3333333334,123873.70850181472,418746.6666666666,27 Broun Avenue,Embleton,5,2,414,748
31882,Piara Waters - Forrestdale,1250000,3.3744714448200366,469187.012718601,231388.23369804525,780812.9872813991,85 Honeymyrtle Loop,Forrestdale,4,2,231,23506
14273,Piara Waters - Forrestdale,1250000,3.3744714448200366,469187.012718601,231388.23369804525,780812.9872813991,25 Vincent Lookout,Bedfordale,5,3,384,16602
3735,Trigg - North Beach - Watermans Bay,2360000,3.365696126232963,1050076.9719887956,389198.24573626276,1309923.0280112044,12 Lynn Street,Trigg,4,3,285,847
6888,Bayswater - Embleton - Bedford,1475000,3.364616634439473,706717.0234899329,228341.9063693891,768282.9765100671,157 Tenth Avenue,Inglewood,3,3,344,731
19633,Kalamunda - Maida Vale - Gooseberry Hill,1175000,3.361690225337174,479757.75092421443,206813.29999882824,695242.2490757855,364 Padbury Avenue,Herne Hill,3,2,289,62650
13624,Jandakot,1135000,3.357907056885384,564175.6062992126,169994.101692098,570824.3937007874,24 Lakes Way,Jandakot,5,2,327,10127
29091,Stirling - Osborne Park,1580000,3.3459295393685307,729540.3379629629,254177.39735115352,850459.6620370371,7 Honeymyrtle Turn,Stirling,5,3,452,734
11405,Iluka - Burns Beach,1550000,3.342304416973253,715964.8845577211,249538.9442107042,834035.1154422789,20 Whitewater Lookout,Iluka,5,3,339,762
1383,Iluka - Burns Beach,1550000,3.342304416973253,715964.8845577211,249538.9442107042,834035.1154422789,10 Romano Crescent,Iluka,4,3,384,666
25072,Ellenbrook,1460000,3.3417883154116406,556913.86875,270240.3761139365,903086.13125,51 Ellen Brook Drive,The Vines,5,4,600,4083
30412,Lockridge - Kiara,925000,3.3403253375485877,448533.7236641221,142640.6796307898,476466.2763358779,78 Wilson Street,Bassendean,3,2,149,486
30581,Trigg - North Beach - Watermans Bay,2350000,3.340002279691896,1050076.9719887956,389198.24573626276,1299923.0280112044,8 Ada Street,Watermans Bay,3,2,352,451
31020,Ocean Reef,1250000,3.3395450730637575,606561.259977195,192672.57244487587,643438.740022805,8 John Place,Mullaloo,5,3,241,809
27210,Ocean Reef,1250000,3.3395450730637575,606561.259977195,192672.57244487587,643438.740022805,6 Reacher Place,Ocean Reef,4,2,325,987
7584,Lesmurdie - Bickley - Carmel,1575000,3.3301548153675817,561552.7089072544,304324.37747819285,1013447.2910927456,16 Weston Road,Pickering Brook,4,3,210,8914
16498,Melville,1610000,3.32459123172761,806980.2200647249,241539.4025803254,803019.7799352751,3 Doney Street,Alfred Cove,5,2,315,544
2097,Balcatta - Hamersley,901000,3.3216684888289554,560256.652892562,102581.98500343606,340743.347107438,11 Barnato Street,Hamersley,5,2,307,893
4922,Mundijong,1600000,3.3145388216197107,603505.5764023211,300643.46119522094,996494.4235976789,132 Boomerang Road,Oldbury,4,2,205,100516
32359,Leeming,1315000,3.313380944065658,756477.8947368421,168565.61762494707,558522.1052631579,9 CARPENTER RISE,Bull Creek,4,2,359,846
17876,Wanneroo - Sinagra,925000,3.3102525867419335,518958.41985723557,122661.81190191435,406041.58014276443,31 Matta Way,Pearsall,5,3,400,660
22970,Lockridge - Kiara,920000,3.305272223577581,448533.7236641221,142640.6796307898,471466.2763358779,45 Seventh Avenue,Bassendean,5,3,246,1141
27132,Ellenbrook,1450000,3.3047842224489226,556913.86875,270240.3761139365,893086.13125,6 Noack Road,Upper Swan,4,2,209,30108
12507,Padbury,1750000,3.3045673273779217,723002.7368421053,310781.15874636674,1026997.2631578947,22 Mustique Crescent,Hillarys,5,3,599,703
9045,Mindarie - Quinns Rocks - Jindalee,1100000,3.303016497600815,469936.92954363493,190753.83695903997,630063.0704563651,18 Seafarer Way,Jindalee,4,3,340,639
3477,Marangaroo,685000,3.3029427247086893,397856.5619834711,86935.63950366538,287143.4380165289,12 Cordelia Place,Alexander Heights,5,3,361,699
27538,Iluka - Burns Beach,1540000,3.3022305117492405,715964.8845577211,249538.9442107042,824035.1154422789,60 Beachside Drive,Burns Beach,4,4,337,533
17904,Baldivis - South,860000,3.3009583145238133,419363.4259259259,133487.47002812094,440636.5740740741,31 Oak Way,Baldivis,5,2,265,4004
8461,Jandakot,1125000,3.2990814864658145,564175.6062992126,169994.101692098,560824.3937007874,171 Harper Road,Banjup,4,2,195,22027
5485,Beckenham - Kenwick - Langford,740000,3.2979413042404397,436725.31955922866,91958.78654687566,303274.68044077134,14 Lisbon Court,Parkwood,4,2,243,784
7073,Neerabup National Park,950000,3.2960654286110587,467800.70680628275,146295.42514782937,482199.29319371725,16 Carramar Road,Carramar,6,3,344,5016
14300,Fremantle,2400000,3.284404201256739,1041919.014084507,413493.8645480477,1358080.985915493,25/1 Corkhill Street,North Fremantle,3,2,188,295
33356,Casuarina - Wandi,1000000,3.2794539015745476,377879.49912587414,189702.4686260814,622120.5008741259,946 Anketell Road,Anketell,4,2,284,20814
22705,Casuarina - Wandi,1000000,3.2794539015745476,377879.49912587414,189702.4686260814,622120.5008741259,44 Marri Park Drive,Casuarina,4,3,268,8044
22524,Casuarina - Wandi,1000000,3.2794539015745476,377879.49912587414,189702.4686260814,622120.5008741259,43 Scovell Crescent,Anketell,4,2,224,20301
8502,Casuarina - Wandi,1000000,3.2794539015745476,377879.49912587414,189702.4686260814,622120.5008741259,174 Scovell Crescent,Anketell,4,2,221,21517
24742,Rockingham Lakes,720000,3.278887581640319,326341.1417721519,120058.66270990406,393658.8582278481,5 Weld Street,Rockingham,4,2,277,333
13699,Manning - Waterford,2000000,3.27112529041765,919637.2554517133,330272.50521802803,1080362.7445482868,24 Pepler Avenue,Salter Point,4,3,350,1012
2667,Manning - Waterford,2000000,3.27112529041765,919637.2554517133,330272.50521802803,1080362.7445482868,11 Salter Point Parade,Salter Point,4,4,279,856
18027,Glen Forrest - Darlington,1510000,3.264756557449792,643897.1544715447,265288.6456578547,866102.8455284553,315 Ryecroft Road,Darlington,5,2,252,19728
15274,Carabooda - Pinjar,2400000,3.2633698589159743,732709.2028985508,510910.76684004476,1667290.7971014492,274 Pinjar Road,Mariginiup,1,1,120,60341
25528,Melville,1595000,3.2624895628497477,806980.2200647249,241539.4025803254,788019.7799352751,537 Marmion Street,Booragoon,4,2,267,718
19642,Perth Airport,1500000,3.2538152956529376,576291.5412262157,283884.7244979913,923708.4587737843,3651 West Swan Road,Caversham,5,3,353,46416
2911,Perth Airport,1500000,3.2538152956529376,576291.5412262157,283884.7244979913,923708.4587737843,110 Terrace Road,Guildford,3,2,231,1010
20797,Mindarie - Quinns Rocks - Jindalee,1090000,3.2505929125268893,469936.92954363493,190753.83695903997,620063.0704563651,4 Eton Pass,Mindarie,5,3,285,623
29327,Beeliar - Wattleup,1590000,3.248560548959147,780597.1633986929,249157.38044674692,809402.8366013071,7 Parakeet Way,Coogee,5,4,566,720
20051,Marangaroo,680000,3.2454289130136686,397856.5619834711,86935.63950366538,282143.4380165289,38 Halwest Way,Alexander Heights,6,3,290,692
20766,Murdoch - Kardinya,1255000,3.241497698265007,589506.6455399061,205304.28104770687,665493.3544600939,4 Draper Street,North Coogee,3,2,304,316
2900,Kalamunda - Maida Vale - Gooseberry Hill,1150000,3.2408082511114276,479757.75092421443,206813.29999882824,670242.2490757855,110 Loton Road,Millendon,4,2,176,28315
7721,Kalamunda - Maida Vale - Gooseberry Hill,1150000,3.2408082511114276,479757.75092421443,206813.29999882824,670242.2490757855,165 William Street,Herne Hill,3,2,212,57378
5836,Kalamunda - Maida Vale - Gooseberry Hill,1150000,3.2408082511114276,479757.75092421443,206813.29999882824,670242.2490757855,141 Loton Road,Millendon,4,2,154,44312
11086,Kalamunda - Maida Vale - Gooseberry Hill,1150000,3.2408082511114276,479757.75092421443,206813.29999882824,670242.2490757855,20 Ford Street,Woodbridge,3,2,226,2630
2948,Kalamunda - Maida Vale - Gooseberry Hill,1150000,3.2408082511114276,479757.75092421443,206813.29999882824,670242.2490757855,111 Railway Crescent,Millendon,3,2,192,33530
21055,Winthrop,1508888,3.238409775071766,803064.6754098361,217953.67900114562,705823.3245901639,4 Levien Place,Winthrop,4,3,409,702
27352,Belmont - Ascot - Redcliffe,1350000,3.2381126565201352,591958.7529069767,234099.71409322694,758041.2470930233,6 The Riverwalk,Ascot,4,3,258,509
25418,Greenwood - Warwick,195000,-3.2378903563481987,547268.4779116466,108795.67840244807,-352268.4779116466,53 Dorchester Avenue,Warwick,4,1,167,751
6995,Duncraig,1350000,3.234272602934036,713762.3655913979,196717.38054220486,636237.6344086021,16 Ash Grove,Duncraig,5,3,545,939
503,Leeming,1300000,3.2243948257139636,756477.8947368421,168565.61762494707,543522.1052631579,1 Solly Court,Bull Creek,6,3,302,847
18928,Mindarie - Quinns Rocks - Jindalee,1085000,3.2243811199899266,469936.92954363493,190753.83695903997,615063.0704563651,34 Mariners View,Mindarie,4,3,353,608
6834,Bayswater - Embleton - Bedford,1442750,3.2233810613781304,706717.0234899329,228341.9063693891,736032.9765100671,154 Tenth Avenue,Inglewood,4,3,300,708
27909,Iluka - Burns Beach,1520000,3.2220827013012148,715964.8845577211,249538.9442107042,804035.1154422789,621 Burns Beach Road,Iluka,5,2,368,763
14240,Canning Vale - East,1040000,3.2213375267059003,623297.5852534563,129356.95539258143,416702.41474654374,25 Sheldrake Way,Willetton,4,2,268,718
6639,Maddington - Orange Grove - Martin,1200000,3.217629720797494,462390.1898527005,229240.1159088255,737609.8101472994,15 Staniland Street,Orange Grove,4,2,276,18950
13636,Murdoch - Kardinya,1250000,3.2171436030923,589506.6455399061,205304.28104770687,660493.3544600939,24 Lullworth Terrace,North Coogee,4,3,320,495
11264,Murdoch - Kardinya,1250000,3.2171436030923,589506.6455399061,205304.28104770687,660493.3544600939,20 Orsino Boulevard,North Coogee,3,2,388,441
21627,Ellenbrook,1425000,3.2122739900421275,556913.86875,270240.3761139365,868086.13125,40 Cardinal Drive,The Vines,5,3,500,4514
5746,Yokine - Coolbinia - Menora,2365000,3.2120982156134934,963742.2349823321,436243.74815389485,1401257.7650176678,14 Warralong Crescent,Coolbinia,4,3,300,881
1667,Trigg - North Beach - Watermans Bay,2300000,3.2115330469865615,1050076.9719887956,389198.24573626276,1249923.0280112044,101 West Coast Drive,Watermans Bay,4,3,300,667
27608,Jandakot,1110000,3.21084313083646,564175.6062992126,169994.101692098,545824.3937007874,60 Prinsep Road,Jandakot,4,3,498,1043
11908,Ocean Reef,1225000,3.2097912649178024,606561.259977195,192672.57244487587,618438.740022805,21 Pine Valley Pass,Connolly,5,4,472,737
10122,Singleton - Golden Bay - Secret Harbour,900000,3.2057637029899806,461583.0091324201,136758.98521736744,438416.9908675799,2 Altea Rise,Secret Harbour,5,4,394,946
28392,Piara Waters - Forrestdale,1210000,3.2016018076707304,469187.012718601,231388.23369804525,740812.9872813991,67 Honeymyrtle Loop,Forrestdale,4,2,303,25085
27877,Perth Airport,1485000,3.2009769471770717,576291.5412262157,283884.7244979913,908708.4587737843,62 Park Street,Henley Brook,3,1,179,38445
32965,South Perth - Kensington,2125000,3.2005585788658566,997348.3917525773,352329.6263638502,1127651.6082474226,9 Thomas Street,South Perth,3,1,406,641
7851,Lockridge - Kiara,905000,3.200112881664559,448533.7236641221,142640.6796307898,456466.2763358779,17 Ashfield Parade,Ashfield,2,1,133,1150
19255,Wembley - West Leederville - Glendalough,2440000,3.1952064988823556,1164374.875834446,399230.8868336842,1275625.124165554,35 Oakdale Street,Floreat,6,4,442,809
30440,Forrestfield - Wattle Grove,930000,3.176785825289331,473601.65497630334,143666.70280081895,456398.34502369666,79 Bywater Way,Wilson,4,2,330,803
1911,Ellenbrook,1415000,3.1752698970794095,556913.86875,270240.3761139365,858086.13125,108 Cathedral Avenue,Brigadoon,4,2,191,33243
11196,Casuarina - Wandi,980000,3.174025647820921,377879.49912587414,189702.4686260814,602120.5008741259,20 Lill Place,Anketell,4,2,240,21236
27000,Lesmurdie - Bickley - Carmel,1525000,3.1658564426432907,561552.7089072544,304324.37747819285,963447.2910927456,6 Lenori Road,Gooseberry Hill,8,6,357,3078
18912,Ballajura,740000,3.164974793609907,420807.3768115942,100851.55301484758,319192.6231884058,34 Lakeshore Close,Ballajura,4,2,204,801
29725,Piara Waters - Forrestdale,1200000,3.158384398383404,469187.012718601,231388.23369804525,730812.9872813991,70 Honeymyrtle Loop,Forrestdale,4,2,330,21879
3215,Piara Waters - Forrestdale,1200000,3.158384398383404,469187.012718601,231388.23369804525,730812.9872813991,119 Canns Road,Bedfordale,5,1,355,20229
30149,Piara Waters - Forrestdale,1200000,3.158384398383404,469187.012718601,231388.23369804525,730812.9872813991,75 Honeymyrtle Loop,Forrestdale,4,2,280,25235
365,Piara Waters - Forrestdale,1200000,3.158384398383404,469187.012718601,231388.23369804525,730812.9872813991,1 Mingara Avenue,Harrisdale,4,3,438,753
5092,Piara Waters - Forrestdale,1200000,3.158384398383404,469187.012718601,231388.23369804525,730812.9872813991,138 Wollaston Avenue,Haynes,3,1,156,25879
8779,Ocean Reef,1215000,3.1578897416594205,606561.259977195,192672.57244487587,608438.740022805,18 Fireball Way,Ocean Reef,4,2,442,901
14994,Port Kennedy,650000,3.155594996800159,367967.20430107525,89375.4730834952,282032.79569892475,27 Durance Drive,Port Kennedy,4,2,349,878
18786,Piara Waters - Forrestdale,1199000,3.154062657454671,469187.012718601,231388.23369804525,729812.9872813991,34 Blissett Drive,Bedfordale,5,5,445,3444
4914,Jandakot,1100000,3.15201756041689,564175.6062992126,169994.101692098,535824.3937007874,131 Tapper Road,Banjup,3,1,117,20035
6340,Jandakot,1100000,3.15201756041689,564175.6062992126,169994.101692098,535824.3937007874,15 Grant Place,Banjup,4,2,374,20422
16484,Jandakot,1100000,3.15201756041689,564175.6062992126,169994.101692098,535824.3937007874,3 Dean Road,Jandakot,6,4,413,752
30384,Perth Airport,1470000,3.148138598701206,576291.5412262157,283884.7244979913,893708.4587737843,78 Lawson Road,Henley Brook,4,2,269,20019
15851,Casuarina - Wandi,975000,3.147668584382514,377879.49912587414,189702.4686260814,597120.5008741259,29 Freckleton Court,Wandi,5,3,420,35109
23370,Casuarina - Wandi,975000,3.147668584382514,377879.49912587414,189702.4686260814,597120.5008741259,470 Lyon Road,Wandi,4,2,240,1149
23189,Casuarina - Wandi,975000,3.147668584382514,377879.49912587414,189702.4686260814,597120.5008741259,462 Lyon Road,Wandi,4,2,249,1147
33139,Casuarina - Wandi,975000,3.147668584382514,377879.49912587414,189702.4686260814,597120.5008741259,908 Anketell Road,Anketell,4,2,213,20159
22477,Kalamunda - Maida Vale - Gooseberry Hill,1130000,3.14410267173083,479757.75092421443,206813.29999882824,650242.2490757855,43 Leschenaultia Way,Maida Vale,5,3,119,10008
27644,Iluka - Burns Beach,1500000,3.141934890853189,715964.8845577211,249538.9442107042,784035.1154422789,601 Burns Beach Road,Iluka,5,3,370,906
31553,Iluka - Burns Beach,1500000,3.141934890853189,715964.8845577211,249538.9442107042,784035.1154422789,80 Silver Sands Drive,Iluka,5,3,431,643
332,Iluka - Burns Beach,1500000,3.141934890853189,715964.8845577211,249538.9442107042,784035.1154422789,1 Malibu Entrance,Iluka,5,4,467,639
931,Iluka - Burns Beach,1500000,3.141934890853189,715964.8845577211,249538.9442107042,784035.1154422789,10 Clearview Avenue,Burns Beach,5,4,500,610
5248,Warnbro,950000,3.1408334733047645,415480.118,170184.08856856127,534519.882,14 Cardiff Place,Warnbro,5,3,300,791
10594,Willagee,2150000,3.1366855473739257,873653.9904761905,406909.1371280054,1276346.0095238094,2 Palmer Street,Attadale,4,3,348,832
563,Victoria Park - Lathlain - Burswood,1585000,3.136218100025945,767549.3827160494,260648.52354406987,817450.6172839506,1 Vantage Way,Burswood,4,2,233,301
4196,Manning - Waterford,1955000,3.134874166606137,919637.2554517133,330272.50521802803,1035362.7445482867,124 River Way,Salter Point,4,2,255,1024
20745,Beckenham - Kenwick - Langford,725000,3.134824754280814,436725.31955922866,91958.78654687566,288274.68044077134,4 Dawson Place,Parkwood,4,2,247,1025
13035,Trigg - North Beach - Watermans Bay,2269000,3.131882122709254,1050076.9719887956,389198.24573626276,1218923.0280112044,23 King Albert Road,Trigg,4,3,630,635
33520,Perth Airport,1465000,3.1305258158759175,576291.5412262157,283884.7244979913,888708.4587737843,98 Park Street,Henley Brook,3,2,140,38513
5099,Toodyay,100000,-3.128534603293281,792695.4022988506,221412.0954806376,-692695.4022988506,139 Brennan Rise,Gidgegannup,4,2,219,24485
10971,Greenwood - Warwick,207000,-3.127591857582369,547268.4779116466,108795.67840244807,-340268.4779116466,20 Barnsbury Road,Warwick,3,1,143,730
12937,Yanchep,770000,3.1224543109169423,398192.3728813559,119075.44197482869,371807.6271186441,23 Dottyback Bend,Yanchep,5,3,322,802
25789,Kalamunda - Maida Vale - Gooseberry Hill,1125000,3.1199262768856806,479757.75092421443,206813.29999882824,645242.2490757855,55 Ravenswood Road,Maida Vale,4,2,238,9994
25545,Murdoch - Kardinya,1230000,3.119727222401473,589506.6455399061,205304.28104770687,640493.3544600939,54 Arabella Loop,North Coogee,5,2,291,517
15945,Piara Waters - Forrestdale,1190000,3.115166989096077,469187.012718601,231388.23369804525,720812.9872813991,29 Observation Circle,Bedfordale,5,5,45,4564
19637,Forrestfield - Wattle Grove,920000,3.1071802743506134,473601.65497630334,143666.70280081895,446398.34502369666,365 Acton Avenue,Kewdale,4,2,315,848
25187,Perth (West) - Northbridge,1750000,3.09744315589983,745222.9861111111,324389.1698141572,1004777.0138888889,514 William Street,Highgate,2,2,154,346
26383,Kalamunda - Maida Vale - Gooseberry Hill,1120000,3.0957498820405314,479757.75092421443,206813.29999882824,640242.2490757855,59 Weir Road,Baskerville,7,3,414,38204
4953,Dianella - South,1375000,3.0954582616166606,678584.4594594594,224979.78705641621,696415.5405405406,133 Dianella Drive,Dianella,5,3,486,739
15202,Rockingham Lakes,697500,3.0914791973376685,326341.1417721519,120058.66270990406,371158.8582278481,27 Thorpe Street,Rockingham,3,2,155,890
28580,Ballajura,732000,3.08565028386416,420807.3768115942,100851.55301484758,311192.6231884058,69 Lakeshore Close,Ballajura,4,2,309,1211
23013,Lesmurdie - Bickley - Carmel,1500000,3.083707256281145,561552.7089072544,304324.37747819285,938447.2910927456,457 Canning Road,Carmel,9,5,460,38500
15662,Lesmurdie - Bickley - Carmel,1500000,3.083707256281145,561552.7089072544,304324.37747819285,938447.2910927456,280 Mundaring Weir Road,Bickley,3,3,264,71036
14304,Lesmurdie - Bickley - Carmel,1500000,3.083707256281145,561552.7089072544,304324.37747819285,938447.2910927456,250 Aldersyde Road,Bickley,4,3,252,38098
9061,Trigg - North Beach - Watermans Bay,2250000,3.0830638142812266,1050076.9719887956,389198.24573626276,1199923.0280112044,18 Spence Street,Trigg,4,2,319,1062
4036,City Beach,665000,-3.082794392038984,1654765.2692307692,321061.0710161993,-989765.2692307692,12/10 Perina Way,City Beach,3,2,112,116
12837,Duncraig,1320000,3.0817695555809643,713762.3655913979,196717.38054220486,606237.6344086021,23 Ash Grove,Duncraig,4,4,461,817
17702,Duncraig,1320000,3.0817695555809643,713762.3655913979,196717.38054220486,606237.6344086021,31 Amaroo Place,Duncraig,4,4,435,754
15164,Marangaroo,130000,-3.081090373438591,397856.5619834711,86935.63950366538,-267856.5619834711,27 Rochford Way,Girrawheen,3,1,87,765
6386,Ocean Reef,1200000,3.080037456771848,606561.259977195,192672.57244487587,593438.740022805,15 Inverness Edge,Connolly,6,3,328,1127
2500,Ocean Reef,1200000,3.080037456771848,606561.259977195,192672.57244487587,593438.740022805,11 Marjorie Street,Mullaloo,4,2,259,906
9289,Perth Airport,1450000,3.0776874674000516,576291.5412262157,283884.7244979913,873708.4587737843,18A East Street,Guildford,4,2,263,1247
33121,Perth Airport,1450000,3.0776874674000516,576291.5412262157,283884.7244979913,873708.4587737843,90 Park Street,Henley Brook,4,4,300,38504
16129,Booragoon,2410000,3.067643230077024,1058596.3783783785,440534.80808056344,1351403.6216216215,2A Conon Road,Applecross,4,2,310,675
9586,Yokine - Coolbinia - Menora,2300000,3.063098945652449,963742.2349823321,436243.74815389485,1336257.7650176678,19 Inverness Crescent,Menora,5,3,330,1013
26333,Melville,1545000,3.055483999923541,806980.2200647249,241539.4025803254,738019.7799352751,59 Kennedy Street,Alfred Cove,4,2,354,1071
5809,Piara Waters - Forrestdale,1175000,3.0503408751650873,469187.012718601,231388.23369804525,705812.9872813991,140 Eleventh Road,Wungong,5,2,210,20229
12734,Mundijong,1520000,3.048442896293557,603505.5764023211,300643.46119522094,916494.4235976789,224 Gossage Road,Oldbury,5,3,497,16940
19580,Leeming,1270000,3.0464225890105747,756477.8947368421,168565.61762494707,513522.10526315786,36 Sellars Way,Bull Creek,5,3,352,690
19118,Ellenbrook,1380000,3.045755571709896,556913.86875,270240.3761139365,823086.13125,35 Beeches Mews,Brigadoon,4,2,280,16268
6295,Rockingham Lakes,692000,3.045668258952576,326341.1417721519,120058.66270990406,365658.8582278481,15 Fletcher Street,Rockingham,4,2,238,492
14820,Mindarie - Quinns Rocks - Jindalee,1050000,3.0408985722311863,469936.92954363493,190753.83695903997,580063.0704563651,265 Santa Barbara Parade,Jindalee,4,2,205,635
25971,Baldivis - South,825000,3.0387614207432447,419363.4259259259,133487.47002812094,405636.5740740741,561 St Albans Road,Baldivis,4,2,165,53501
6551,Forrestfield - Wattle Grove,910000,3.037574723411896,473601.65497630334,143666.70280081895,436398.34502369666,15 Penryn Street,Kewdale,4,2,371,736
26239,Alkimos - Eglinton,725000,3.010398644411267,405001.77894736844,106297.62328876297,319998.22105263156,58 Shipmaster Avenue,Alkimos,4,3,306,510
922,Beckenham - Kenwick - Langford,160000,-3.0092319608650873,436725.31955922866,91958.78654687566,-276725.31955922866,10 Choseley Place,Langford,4,1,103,612
18262,Ocean Reef,1186000,3.007375324210113,606561.259977195,192672.57244487587,579438.740022805,32 Oceanside Promenade,Mullaloo,4,2,271,809
27705,Yokine - Coolbinia - Menora,2275000,3.0057915341289703,963742.2349823321,436243.74815389485,1311257.7650176678,61 Elstree Avenue,Coolbinia,5,3,310,911
32269,City Beach,690000,-3.0049275864469145,1654765.2692307692,321061.0710161993,-964765.2692307692,9 Balandi Way,City Beach,1,1,232,241
31092,Fremantle - South,1750000,3.0048697993946853,868886.4134615385,293228.5407893404,881113.5865384615,8 Lilly Street,South Fremantle,5,2,210,1608
7320,Lesmurdie - Bickley - Carmel,1475000,3.0015580699189996,561552.7089072544,304324.37747819285,913447.2910927456,16 Lenori Road,Gooseberry Hill,4,3,321,3721
2896,Lesmurdie - Bickley - Carmel,1475000,3.0015580699189996,561552.7089072544,304324.37747819285,913447.2910927456,110 John Farrant Drive,Gooseberry Hill,4,1,250,10178
19138,Mundaring,1200000,3.0009636995974356,564910.7292418772,211628.44150474624,635089.2707581228,35 Carinya Drive,Stoneville,6,3,550,20000
